weekday_kr,avg_likes
월,2585.2978723404253
화,2117.326923076923
수,2523.7608695652175
목,2377.936170212766
금,3068.6
토,2423.190476190476
일,2271.777777777778
